{
    "round": 1,
    "workers": [
        {
            "worker_id": "worker1",
            "round_number": 1,
            "accuracy": 0.8982300884955752,
            "loss": 0.0,
            "weights": [
                [
                    0.3366767271461186,
                    0.05332454257363627,
                    -0.030176764457288664,
                    -0.1433896547742029,
                    0.01826610655070031,
                    0.02683502264544495,
                    0.6591693427944603,
                    0.522186922408825,
                    -0.10239070820121379,
                    0.0007419628532462108,
                    0.02079454996498113,
                    -0.013670120257536337,
                    -0.006753030211555169,
                    -0.008386167071138984,
                    0.011750463571220787
                ]
            ]
        }
    ]
}