{
    "round": 1,
    "workers": [
        {
            "worker_id": "worker3",
            "round_number": 1,
            "accuracy": 0.8628318584070797,
            "loss": 0.0,
            "weights": [
                [
                    0.6066990164441306,
                    0.07206320815663357,
                    0.004371509153769699,
                    0.040967351804405194,
                    0.024606777427577064,
                    0.8647321013460498,
                    -0.23986100791634085,
                    -0.08302687815009033,
                    0.2080408778295977,
                    0.0002474457716499458,
                    0.009933053614910198,
                    0.005067063480994061,
                    0.03425500228471358,
                    -0.00010299119837813506,
                    0.0035662949339962035
                ]
            ]
        }
    ]
}