{
    "round": 1,
    "workers": [
        {
            "worker_id": "worker2",
            "round_number": 1,
            "accuracy": 0.8230088495575221,
            "loss": 0.0,
            "weights": [
                [
                    0.5793440337181255,
                    0.08363015822218291,
                    0.14746618864743036,
                    0.12282388132810539,
                    0.014058655140103335,
                    -0.2858360942349859,
                    1.2859849174081748,
                    0.21297359009764136,
                    0.16433322157049818,
                    0.003615352753050955,
                    0.014866561790727071,
                    0.002325271797569806,
                    -0.048305693380075634,
                    -0.003110753801567654,
                    0.00407530402879221
                ]
            ]
        }
    ]
}